Age,Strength,Quickness,Injury,Vision,Endurance,Agility,Decision_Making
18.5,5,1,1,0,5,33,61
13.3,1,2,1,3,5,18,59
13.4,2,1,0,2,5,40,11
13.6,4,1,0,0,5,28,0
16.3,3,1,0,2,5,32,35
15.7,1,1,0,2,3,43,37
17.0,3,2,0,3,5,21,41
16.3,3,1,0,1,1,41,29
15.7,1,2,1,3,5,17,45
16.5,3,2,0,1,3,46,40
18.9,5,1,1,2,5,41,6
14.6,5,2,1,0,3,35,48
17.3,2,2,1,2,1,28,32
14.9,6,1,1,3,3,42,39
15.8,4,1,1,1,1,49,4
14.2,5,1,1,0,5,24,55
14.5,4,2,1,0,5,21,45
13.3,5,1,1,3,3,42,29
13.7,4,2,1,0,3,27,7
17.3,0,0,0,3,5,15,43
15.0,5,1,0,2,5,31,4
17.1,2,5,1,2,1,42,6
13.5,3,1,1,3,5,21,29
16.8,5,3,1,0,5,38,75
16.3,3,6,1,3,5,22,68
15.6,3,2,1,2,5,42,29
18.8,1,2,1,3,5,16,40
16.2,3,6,1,1,3,36,29
13.6,3,1,0,3,5,21,8
13.5,1,2,1,3,5,18,50
17.4,4,0,1,1,3,31,95
16.7,3,1,1,3,5,18,55
16.3,4,1,1,2,5,23,13
18.7,3,1,1,3,3,23,39
16.3,3,6,1,3,5,19,47
18.4,2,1,1,3,5,46,8
13.6,4,1,1,1,3,38,11
17.5,2,3,1,2,3,42,11
16.1,1,1,0,3,5,18,43
18.8,3,1,1,0,1,36,8
17.2,7,1,1,0,1,27,48
18.8,1,2,1,3,5,19,30
14.1,3,1,1,3,5,20,6
14.2,4,2,1,1,4,44,4
13.4,3,2,1,0,3,31,5
14.0,5,0,1,1,5,38,4
14.5,4,5,1,2,3,28,32
14.3,3,2,1,1,3,42,40
18.6,4,1,1,3,5,29,19
14.7,3,2,0,2,5,20,54
17.9,5,1,0,2,5,29,32
15.5,1,0,0,3,0,15,18
16.1,3,1,1,1,3,58,7
18.1,3,1,0,3,5,18,19
13.2,3,2,1,0,3,32,15
15.7,5,1,1,3,5,25,11
16.7,5,4,1,0,3,30,30
13.8,1,6,1,2,5,25,4
13.9,3,0,1,0,3,54,45
18.3,4,2,1,3,5,25,19
14.2,4,5,1,3,5,20,66
14.0,3,2,0,3,3,27,4
13.9,4,4,0,3,5,24,4
18.1,7,1,0,0,3,31,5
18.1,3,1,1,2,1,55,70
16.4,4,2,0,0,5,32,40
13.4,3,1,1,2,3,49,15
16.4,4,1,0,3,3,24,23
15.7,4,6,0,2,1,59,22
17.3,1,5,0,3,5,16,28
16.9,5,1,0,3,1,56,13
14.7,5,1,1,2,1,60,10
18.5,5,1,0,1,3,51,20
14.6,5,1,0,3,3,68,20
14.9,1,1,1,2,3,50,50
16.8,1,1,0,0,4,36,63
18.4,4,5,1,0,5,27,50
18.6,7,2,0,0,5,33,99
15.1,3,1,0,3,5,21,45
14.1,1,2,1,1,3,41,28
14.6,0,1,1,3,5,18,30
18.7,4,2,1,0,5,31,4
18.0,4,2,1,1,5,31,7
16.4,1,1,1,0,1,38,16
16.0,4,1,0,0,3,23,45
16.4,1,1,0,3,5,18,32
15.8,2,4,1,2,5,36,35
18.2,0,2,1,0,5,34,55
16.0,5,1,1,0,3,38,5
13.3,5,2,0,2,5,45,19
17.8,5,2,1,0,3,31,8
15.8,5,1,1,0,5,36,40
16.5,3,1,1,3,3,51,43
13.4,4,2,1,2,3,50,7
13.2,5,3,1,0,3,41,8
16.1,3,1,0,3,5,17,7
15.2,3,2,0,3,5,21,14
18.9,3,1,1,3,5,20,8
16.2,7,1,0,2,1,47,17
18.4,3,2,0,3,5,21,43
18.9,3,2,0,3,5,17,35
13.5,5,3,1,2,3,33,4
17.1,3,1,0,3,5,20,29
17.4,4,1,0,2,3,39,29
18.3,2,1,1,2,3,41,0
16.0,5,1,1,2,3,44,8
16.4,1,1,0,3,5,19,12
13.0,3,1,1,3,5,24,8
15.9,4,1,1,3,5,24,64
14.4,5,1,1,3,3,38,100
16.3,5,5,1,0,5,26,37
16.0,5,2,0,3,3,49,48
17.6,6,1,1,3,3,43,20
15.2,3,1,1,0,3,45,29
16.4,7,2,1,2,3,32,99
15.8,4,1,1,0,3,36,43
18.6,3,2,0,3,5,19,4
17.6,4,1,0,1,5,27,4
15.7,4,1,0,0,3,48,48
13.8,4,1,1,0,3,48,47
14.9,4,1,1,2,3,45,8
17.0,4,5,1,0,3,31,20
14.1,2,1,1,2,3,37,34
17.6,4,1,0,2,1,55,20
16.9,3,1,1,2,3,51,1
18.8,4,6,0,1,1,42,54
13.5,5,4,0,0,5,30,4
15.9,5,1,0,0,3,51,55
14.9,4,2,0,2,1,42,3
14.1,3,4,1,3,5,23,4
15.7,3,1,0,3,5,23,54
15.6,0,2,0,3,5,15,29
15.0,5,1,0,3,1,45,34
18.1,5,3,1,2,3,35,19
14.5,3,6,0,3,5,22,11
13.6,1,1,0,3,3,36,8
17.1,5,1,1,2,3,49,27
14.8,3,5,0,3,5,18,54
15.2,4,3,1,0,3,24,48
14.6,1,4,1,0,5,19,42
17.9,3,1,1,0,5,30,55
15.1,1,2,1,3,5,21,80
14.8,4,1,0,2,5,26,19
16.7,3,1,1,2,4,27,40
18.2,5,4,1,3,5,31,72
16.8,6,2,1,0,3,31,4
13.9,3,1,0,3,0,19,35
15.8,1,1,1,1,3,34,39
14.9,5,2,1,1,1,57,8
13.5,4,1,1,0,5,29,29
13.1,5,1,0,2,3,50,6
16.6,5,1,1,1,3,37,43
13.5,3,5,0,3,5,26,92
14.0,1,1,0,3,5,17,7
15.2,7,5,1,1,3,50,43
18.8,0,1,0,3,5,14,29
13.6,3,1,0,3,5,20,13
15.2,3,6,0,0,5,27,15
17.9,6,2,1,2,3,72,20
16.7,3,3,1,3,5,20,20
16.9,4,2,1,0,5,22,29
13.6,4,4,1,1,3,29,32
15.0,1,2,1,3,5,26,58
13.8,7,1,1,0,1,27,39
15.8,3,2,1,3,1,37,4
19.0,0,3,1,3,5,16,18
17.0,4,4,1,0,5,24,52
13.4,4,1,1,0,5,35,55
15.8,4,6,1,0,3,44,8
18.6,1,2,1,3,5,17,54
16.1,5,2,0,0,3,55,43
18.5,3,1,1,3,5,36,55
16.3,4,1,1,0,3,38,6
18.9,3,1,0,0,3,47,20
15.9,4,1,0,0,3,47,21
15.5,4,2,0,2,3,34,29
14.4,3,1,1,3,5,20,66
15.7,4,1,1,0,3,36,40
17.4,4,2,1,0,5,25,4
19.0,3,2,1,0,3,29,55
16.4,3,1,1,0,3,43,103
16.0,4,2,1,2,3,33,55
15.4,6,1,1,2,5,28,28
16.8,4,1,0,0,3,25,54
15.2,7,1,1,1,1,40,30
16.8,4,4,1,0,5,24,4
13.9,5,1,1,1,1,37,86
16.7,7,1,1,2,5,42,32
15.1,5,1,1,3,4,55,40
18.0,3,1,0,3,3,51,30
18.8,3,2,1,0,1,53,35
18.1,3,1,1,0,3,56,19
16.5,3,2,1,3,5,22,4
15.8,3,1,1,3,5,24,68
15.7,4,1,1,1,1,52,18
13.7,4,1,1,1,1,60,47
16.7,3,1,1,3,5,21,20
14.9,4,1,0,0,3,43,12
18.5,4,2,1,1,5,23,40
16.8,1,0,1,0,5,26,5
13.1,5,1,1,2,3,47,21
15.6,5,1,1,0,3,33,45
14.5,5,1,1,0,3,61,4
16.0,4,0,1,1,1,48,4
18.9,4,1,1,1,1,50,21
16.9,4,6,1,0,5,48,4
14.6,3,2,0,0,3,30,50
15.5,1,3,1,3,5,17,4
16.2,3,1,0,3,5,22,64
13.7,4,1,0,1,5,47,29
15.0,2,1,1,2,3,45,20
16.4,3,1,1,1,3,28,11
18.3,1,1,0,3,5,18,12
16.0,4,1,1,1,3,73,43
18.5,5,2,1,0,3,37,30
17.9,7,3,1,0,4,44,63
16.4,5,1,1,1,1,43,2
15.4,5,5,1,1,3,42,5
16.5,4,2,1,0,5,29,54
14.3,3,1,1,1,3,72,40
17.5,4,1,1,3,5,35,11
18.3,4,2,1,2,3,63,8
15.1,1,1,1,2,3,45,2
15.2,3,1,0,3,5,21,19
15.2,3,2,1,3,5,21,29
17.5,2,1,0,3,3,34,10
16.5,3,2,1,0,3,43,103
15.0,5,0,1,0,3,32,29
17.7,3,1,1,2,3,59,11
13.4,0,1,1,3,0,14,17
16.7,1,1,1,2,3,51,77
13.6,4,1,1,2,5,21,55
14.3,2,1,1,2,3,42,37
13.7,3,1,0,2,4,42,4
14.9,4,1,1,2,3,40,55
14.3,3,5,0,2,3,59,7
13.5,1,3,1,3,5,20,54
14.9,5,6,1,1,0,48,4
16.3,4,1,1,2,5,29,7
16.9,4,1,1,2,3,26,34
16.9,4,6,0,1,5,23,8
17.6,7,6,1,2,3,44,27
13.4,3,4,1,3,5,22,45
18.1,3,1,0,0,3,38,14
18.6,5,1,1,0,3,56,35
14.4,5,2,1,0,3,33,64
17.2,1,2,1,0,5,17,29
13.4,0,2,1,3,5,17,32
15.7,3,2,1,0,5,50,2
13.7,1,1,0,3,5,21,34
17.1,7,1,1,2,3,51,35
17.3,3,1,0,1,5,22,20
14.1,6,1,1,3,1,50,30
18.1,4,1,0,1,3,55,7
17.7,1,6,1,3,5,19,55
14.3,5,1,1,3,3,32,18
15.6,1,6,1,1,3,54,7
14.7,4,1,0,2,3,41,48
15.4,3,1,0,3,5,23,48
18.1,0,1,1,3,5,14,29
18.0,4,1,0,2,5,52,4
18.3,5,2,0,2,3,30,35
15.3,4,1,1,2,5,25,103
18.2,4,2,1,0,3,29,17
18.6,5,4,1,0,3,32,35
15.3,5,1,1,0,3,27,11
14.6,3,1,1,3,5,25,64
15.1,4,6,1,2,3,45,4
13.5,0,6,0,3,5,14,17
15.7,1,1,0,3,5,17,4
15.7,3,4,1,3,5,19,8
18.1,4,1,1,3,3,24,54
16.1,4,1,1,1,5,28,9
16.0,4,1,1,2,3,51,28
18.7,5,1,0,3,3,77,4
14.1,1,2,1,3,5,18,36
16.1,4,4,1,0,5,25,4
18.8,3,1,0,3,5,21,13
15.3,2,5,0,2,5,35,20
13.1,3,3,1,2,3,29,7
14.9,5,1,0,2,5,29,47
14.7,3,1,0,3,5,20,8
14.8,0,1,0,3,5,16,0
17.6,5,1,1,1,3,33,94
13.4,4,2,1,3,5,23,30
14.7,5,1,0,0,3,40,30
18.8,7,1,1,2,3,39,7
13.2,2,1,1,3,5,43,10
15.0,3,1,1,0,4,39,50
16.2,4,1,0,3,5,26,8
17.6,4,2,0,0,5,22,54
16.5,1,6,0,3,3,19,3
18.8,3,1,1,0,3,27,46
14.0,4,1,1,1,3,62,40
17.6,4,1,1,0,3,50,18
13.4,4,6,1,2,1,49,4
15.2,3,2,0,3,5,18,11
15.9,1,1,1,1,3,25,39
14.0,4,1,0,2,5,26,45
17.2,3,2,0,0,3,34,19
13.4,5,2,0,2,5,29,29
17.5,1,1,1,0,3,27,7
14.6,5,2,1,3,3,33,43
14.8,4,1,1,2,3,45,4
14.8,3,4,1,1,1,33,4
17.4,1,2,1,3,5,20,11
13.2,3,1,1,2,3,50,39
14.0,4,6,1,1,1,47,8
14.9,4,6,1,2,3,30,48
17.4,1,1,1,2,3,30,17
16.7,1,1,0,2,3,51,30
14.1,3,2,1,1,3,42,4
13.1,3,2,0,3,5,20,20
16.8,4,6,1,1,3,47,30
16.4,5,4,1,1,3,34,100
15.5,3,2,1,0,3,23,41
13.0,7,1,1,2,3,50,7
15.0,3,2,1,3,5,20,50
16.9,4,1,1,2,1,40,21
16.6,3,2,1,3,5,19,54
14.5,3,1,0,2,3,38,18
18.7,0,2,1,0,5,48,17
18.8,3,1,0,3,5,22,12
18.7,3,1,1,0,3,32,1
18.3,4,1,1,1,3,26,54
17.7,5,1,1,1,3,53,8
14.5,3,5,1,3,5,20,61
18.9,4,3,1,1,5,30,35
13.4,3,2,0,3,5,18,20
14.1,3,4,1,3,5,19,8
13.2,4,1,1,0,3,50,17
16.9,4,2,1,1,5,42,11
16.5,4,1,1,0,3,40,8
18.3,4,2,1,3,5,30,72
14.7,5,1,1,2,5,28,29
16.8,4,6,1,0,3,34,8
14.8,5,1,1,2,3,63,43
13.6,4,1,1,1,5,26,30
17.6,3,1,1,3,5,26,50
18.5,1,1,1,3,5,18,8
17.6,3,2,1,0,5,23,80
13.9,4,0,1,2,3,42,50
16.2,3,5,1,3,5,20,8
15.5,4,2,1,0,3,31,40
18.3,5,2,1,0,5,30,106
13.5,4,1,0,0,1,52,50
13.7,1,3,1,0,3,34,53
17.8,4,0,0,2,5,23,19
15.4,5,3,1,0,3,49,28
15.9,3,1,1,2,3,53,37
13.3,3,3,1,3,5,20,30
16.6,5,1,0,2,3,34,4
19.0,3,2,1,2,1,51,8
14.7,3,2,1,0,3,30,7
17.1,5,1,1,2,3,54,27
17.2,4,1,1,0,3,67,30
16.1,6,1,0,0,0,34,4
18.0,2,1,1,2,0,40,45
19.0,4,1,0,3,3,27,25
18.3,4,1,0,0,5,27,40
13.2,3,0,1,3,5,20,3
13.4,7,1,1,2,3,45,7
13.0,7,1,1,3,5,25,4
15.8,4,1,0,2,1,50,5
13.8,3,1,0,0,3,32,93
14.9,3,2,1,3,3,23,40
18.6,5,2,1,2,5,24,11
15.6,3,3,1,3,5,24,69
13.7,4,1,1,3,3,36,7
15.8,3,6,0,3,5,19,35
18.4,3,0,1,0,5,22,45
18.6,5,1,1,3,3,48,12
13.7,3,1,1,3,5,25,109
13.1,4,2,0,0,3,37,50
17.0,3,2,0,3,5,18,20
15.6,3,1,1,2,1,43,45
14.4,4,2,1,3,5,24,72
18.7,3,1,0,3,5,17,42
18.8,3,2,1,3,5,21,32
18.0,5,1,0,1,3,44,47
15.3,4,2,1,2,3,35,43
17.0,4,1,1,0,5,24,20
18.3,5,2,1,3,3,42,59
14.9,7,1,1,1,3,37,30
17.0,3,1,0,3,5,21,19
17.3,3,1,0,0,3,30,48
18.2,6,1,1,2,3,63,75
16.2,4,5,1,0,5,23,20
14.7,3,1,1,1,3,51,7
17.8,3,1,1,1,1,43,4
17.7,4,6,0,0,3,28,8
14.5,3,0,0,2,5,27,33
14.5,3,6,1,3,5,21,55
14.3,4,1,1,3,1,39,56
14.0,4,1,1,3,3,38,13
14.1,3,1,0,3,5,22,20
15.9,3,2,1,3,5,20,34
15.5,5,2,1,3,5,26,43
16.7,6,1,1,0,0,43,12
18.5,5,1,1,1,3,35,11
15.1,1,1,0,0,1,40,29
18.3,5,6,0,2,3,28,28
17.3,4,1,0,0,3,35,2
17.9,4,3,0,2,3,37,11
18.5,3,5,0,1,5,22,8
18.4,3,2,1,0,3,37,13
14.5,3,1,0,0,4,39,7
17.8,1,3,0,3,0,14,14
13.6,0,1,1,3,5,16,32
14.3,4,1,1,0,4,46,4
18.0,4,2,0,1,3,34,4
14.6,0,5,0,3,5,16,19
18.9,4,3,0,2,5,30,28
15.0,2,3,1,0,3,35,35
16.1,4,0,1,0,3,52,6
15.1,3,2,0,3,5,18,35
15.3,3,2,1,3,5,18,35
15.3,4,2,1,3,5,20,43
18.7,4,1,0,2,5,61,18
19.0,0,2,1,3,5,20,54
17.9,4,3,1,3,3,27,50
15.4,5,1,1,2,3,30,50
15.6,3,6,1,2,1,43,21
18.0,4,1,1,0,3,46,18
16.5,6,2,1,3,3,44,21
17.2,4,1,1,2,3,54,7
17.1,4,1,1,2,3,34,57
18.7,4,6,1,1,3,60,43
17.8,3,2,1,0,5,22,8
14.9,1,4,1,3,5,14,28
15.4,4,1,0,0,5,29,28
13.2,3,2,1,0,3,26,59
16.8,3,6,1,1,3,35,5
16.2,3,2,1,0,5,21,50
13.6,4,2,1,3,0,22,72
13.3,4,2,0,1,5,28,20
17.7,3,1,1,1,3,46,4
16.7,5,1,1,0,3,43,43
13.9,3,4,1,3,5,21,4
14.1,5,0,1,1,3,37,74
16.3,3,0,1,1,5,26,29
18.0,4,3,1,0,5,25,28
14.4,3,5,1,0,1,26,4
15.1,3,1,1,2,5,42,4
15.3,1,1,0,1,3,24,34
17.6,3,1,1,2,1,37,19
15.9,5,2,1,0,5,47,35
15.7,5,5,1,3,3,44,34
13.2,4,1,0,1,3,42,35
17.8,1,2,1,1,5,25,75
16.3,4,3,0,0,6,23,47
16.9,5,2,1,2,5,45,8
13.7,5,1,1,3,4,22,59
14.0,3,1,0,3,5,21,66
17.4,4,2,1,2,3,37,32
13.4,4,5,0,0,0,31,13
13.3,1,6,0,3,5,18,39
14.1,3,2,0,3,5,24,66
16.0,4,2,0,0,5,26,28
17.7,3,3,1,3,5,20,35
14.2,3,1,0,1,3,49,47
15.6,1,6,0,3,5,18,8
16.8,0,6,1,1,1,34,32
13.8,3,1,1,2,5,21,4
17.9,3,1,0,1,6,56,4
18.8,3,1,0,3,5,21,45
13.3,1,1,1,3,5,18,50
14.0,3,2,0,0,5,28,4
14.0,5,2,0,3,3,47,0
14.0,4,1,1,3,3,28,45
18.8,6,1,0,3,3,49,0
18.9,5,6,1,3,5,62,4
16.1,2,1,0,2,3,39,54
15.5,0,1,1,3,5,18,34
15.9,5,2,1,1,5,47,35
13.8,3,1,1,1,3,54,33
14.6,4,1,1,2,3,47,4
15.4,3,2,1,0,3,23,5
15.3,3,3,0,0,1,45,48
13.3,3,1,1,3,5,18,4
16.8,4,0,1,1,5,33,39
13.4,4,3,1,1,3,35,0
16.6,5,1,1,3,3,50,29
13.3,4,2,1,3,3,50,6
18.2,4,2,0,0,5,27,4
18.5,5,2,0,3,3,27,35
15.4,4,2,1,2,5,23,43
15.5,4,3,1,0,5,26,6
18.5,4,1,1,2,5,23,29
14.7,1,2,0,3,5,16,11
17.4,2,5,1,3,5,24,35
18.2,4,2,1,0,5,30,50
17.5,4,2,0,2,5,50,18
14.6,3,1,1,2,4,37,43
15.0,4,6,1,1,3,34,50
15.5,5,1,0,2,1,52,4
16.2,4,1,0,0,3,29,56
14.2,3,1,1,3,5,23,40
18.0,1,1,1,2,3,47,54
14.3,5,5,0,2,5,34,15
16.5,3,1,0,0,5,46,4
13.4,4,5,0,1,5,27,29
14.9,3,1,0,2,4,28,19
13.5,7,2,1,2,3,24,35
13.3,3,2,1,0,5,25,50
16.3,5,1,1,2,3,67,25
17.5,3,4,1,0,3,44,29
17.5,4,5,1,0,5,37,32
14.2,4,2,1,2,3,44,7
15.6,5,1,0,1,5,46,4
18.4,3,1,1,0,3,39,4
14.6,4,6,1,1,3,40,34
15.8,6,2,1,3,3,38,33
17.7,4,1,1,0,3,40,19
14.5,3,3,1,3,3,44,20
16.4,3,3,1,3,5,19,8
15.1,1,1,1,0,3,34,8
13.9,3,2,0,3,5,17,29
15.3,3,1,1,1,3,39,2
17.1,1,5,1,3,5,17,50
15.7,4,3,1,0,5,27,2
17.7,7,3,1,0,5,19,55
15.9,5,2,1,3,3,28,11
17.0,3,1,1,3,5,21,50
16.2,4,1,0,2,3,46,7
16.3,4,2,0,2,3,36,50
13.1,3,1,1,2,5,30,25
18.1,0,6,0,3,5,14,8
17.2,4,2,0,0,5,25,5
14.5,4,1,1,0,5,25,52
14.2,3,1,0,3,3,44,48
13.0,1,1,1,3,5,18,54
15.2,6,0,1,3,5,47,72
14.4,4,1,1,3,3,53,63
17.2,3,1,0,2,3,44,40
18.4,4,1,0,3,5,42,29
18.4,3,1,1,3,5,25,34
15.2,4,1,1,0,5,28,4
18.2,3,4,0,3,5,20,29
16.0,3,3,1,0,1,39,29
16.1,5,1,1,0,3,32,19
13.5,4,1,0,1,3,45,6
18.0,3,1,1,0,3,53,5
18.0,5,1,1,0,3,46,10
16.3,5,4,1,0,5,41,4
14.3,4,1,1,0,3,37,55
14.8,3,1,0,3,5,18,45
15.4,4,1,1,2,3,27,28
15.8,1,2,1,3,5,19,59
16.6,3,1,0,1,3,49,2
14.6,3,1,1,2,5,23,12
15.8,5,1,0,3,3,25,50
15.7,1,2,1,0,5,25,50
14.4,1,1,1,3,5,16,32
16.6,3,1,1,0,3,47,23
17.1,3,2,1,0,3,31,4
16.6,5,2,1,0,3,39,28
16.8,3,1,1,0,3,37,7
17.5,4,1,0,0,4,43,2
18.5,5,1,1,2,3,67,40
17.7,4,2,1,3,5,19,29
16.8,1,1,1,0,5,28,55
15.4,2,1,1,1,3,50,79
17.7,1,1,1,3,5,17,8
16.0,5,4,0,0,4,38,47
13.6,3,1,1,3,5,30,29
17.6,3,2,1,0,5,43,25
14.2,7,1,0,2,5,31,34
18.8,4,4,0,3,5,21,55
15.3,4,2,0,0,5,25,11
14.1,3,1,1,2,4,40,15
16.3,4,0,1,0,0,59,11
18.6,4,2,0,2,3,32,16
17.3,3,3,1,3,5,19,51
13.7,4,1,0,0,5,33,99
16.2,3,1,0,3,5,24,32
15.4,6,2,1,3,3,27,55
16.5,6,1,0,0,5,36,35
15.1,4,1,0,2,4,43,19
19.0,5,2,0,1,3,28,32
13.5,0,5,0,3,5,15,57
15.1,2,6,1,2,3,60,8
15.8,1,4,1,3,5,16,37
15.1,3,1,0,1,5,32,17
13.5,4,1,1,0,3,30,11
17.9,4,4,1,0,0,27,35
15.7,4,1,0,0,1,43,20
18.9,4,6,1,0,5,53,4
13.8,3,0,0,1,5,37,4
14.1,3,2,0,3,5,18,7
18.8,4,1,0,0,5,28,95
15.3,3,1,1,3,5,18,30
18.1,7,1,0,2,1,43,35
13.9,3,2,1,3,5,19,22
16.0,5,1,1,0,3,54,7
17.9,1,2,0,0,3,28,40
13.8,4,4,1,1,5,33,11
16.4,3,2,1,1,3,36,40
16.1,3,2,1,3,5,19,42
15.8,1,5,1,2,5,26,55
14.2,3,1,1,1,3,42,21
18.3,3,6,1,0,5,20,56
18.1,1,1,1,3,5,29,43
16.7,5,1,1,1,5,38,4
15.1,5,1,0,2,3,52,7
13.2,1,1,1,2,4,42,7
17.4,4,3,1,2,5,23,18
17.4,5,6,0,2,3,34,4
16.3,3,6,0,2,3,50,18
18.4,5,1,1,1,3,37,54
16.3,5,3,1,0,5,24,29
15.6,3,2,0,2,5,25,48
16.6,4,2,0,2,5,22,7
16.3,1,2,1,3,5,18,75
17.5,1,2,1,2,3,30,30
14.7,3,1,0,3,5,21,35
18.6,4,2,1,1,3,40,63
15.4,0,6,0,3,5,16,66
16.9,4,1,1,2,5,27,11
16.3,1,1,0,0,3,29,4
16.9,3,1,0,0,3,42,4
18.3,3,3,1,2,5,34,2
17.6,3,2,0,3,5,20,21
17.3,3,2,1,3,5,18,13
14.9,6,1,0,2,3,32,75
17.4,3,2,0,2,5,32,4
16.1,7,2,1,3,5,29,32
18.4,1,1,1,3,5,19,45
15.8,5,4,1,3,5,25,4
14.7,5,1,1,2,3,45,7
18.6,5,1,1,3,5,45,7
15.5,3,1,1,2,3,41,20
16.4,5,1,1,0,5,24,8
13.4,5,1,1,1,3,68,9
15.6,5,1,1,1,5,36,19
15.4,4,1,1,2,3,50,35
14.6,3,5,1,3,5,19,23
17.5,4,1,0,3,3,41,22
16.5,3,0,1,2,5,22,5
18.2,5,1,1,1,3,39,72
17.2,1,1,1,1,5,40,40
17.0,1,1,1,2,3,25,7
13.0,6,0,1,2,5,45,47
18.5,4,5,0,0,5,38,28
17.1,5,1,1,2,3,61,7
14.6,5,2,1,0,3,28,48
15.4,4,6,1,3,5,22,40
13.3,5,2,1,2,3,30,10
16.0,2,1,1,2,1,46,40
13.3,3,1,1,0,3,45,29
16.9,4,3,1,3,5,22,16
14.5,4,2,0,0,5,25,8
18.7,3,5,1,3,5,18,40
15.0,4,2,0,3,5,25,2
13.8,3,1,0,3,3,40,2
13.4,7,1,1,2,5,37,7
18.5,5,1,0,0,5,36,5
13.2,4,2,0,2,3,32,4
13.9,4,1,0,2,5,27,18
13.8,0,2,0,3,5,15,50
13.4,5,1,0,2,1,49,28
16.5,0,6,1,3,5,17,10
14.7,4,3,1,3,5,25,43
17.3,3,1,1,0,3,57,30
13.5,4,1,1,0,3,35,41
17.2,4,5,1,2,3,37,50
18.3,5,2,1,3,3,34,54
16.2,3,3,1,3,5,20,4
16.0,2,1,0,2,3,44,32
14.1,2,1,1,2,1,44,107
16.9,4,1,1,0,3,37,29
15.2,3,1,1,2,5,36,30
17.3,5,2,1,0,5,37,43
15.8,4,1,1,1,3,50,43
14.1,4,2,0,2,0,26,29
15.8,5,1,1,2,3,45,32
13.2,3,2,0,3,5,18,35
15.1,5,1,0,3,5,53,15
13.4,4,1,0,1,3,28,8
15.3,3,1,1,2,3,35,4
18.4,4,2,0,2,3,44,40
16.8,6,1,1,3,3,57,35
13.6,3,6,1,1,5,21,4
18.4,4,3,1,1,3,38,29
18.7,3,6,1,0,3,35,11
14.6,3,1,1,0,5,29,45
17.6,5,2,1,2,5,36,21
13.9,0,1,0,3,5,15,28
17.4,3,3,1,1,3,52,48
18.1,4,2,1,2,5,25,4
17.3,3,4,1,0,5,37,43
13.0,1,1,1,3,5,22,22
16.1,4,1,1,0,5,26,50
17.9,3,1,1,0,3,33,30
16.6,3,3,1,2,1,46,34
13.2,3,1,1,0,5,36,11
14.5,6,1,0,3,1,48,4
17.9,3,1,0,0,5,32,8
18.6,4,1,0,2,5,34,36
17.0,3,5,1,1,3,53,35
19.0,3,1,1,0,5,21,54
13.8,4,1,0,2,3,44,3
15.0,3,1,1,2,3,30,12
16.6,3,1,0,3,5,17,47
14.8,3,1,1,2,3,43,40
18.7,0,2,0,3,5,16,29
14.4,4,1,1,1,5,36,40
17.1,3,0,1,2,3,48,29
15.5,1,1,1,0,3,32,4
18.8,3,2,0,2,3,27,20
16.1,4,2,0,2,5,26,4
14.9,4,1,0,2,3,57,34
15.2,3,6,0,3,5,18,55
14.1,2,1,1,2,3,46,61
15.2,3,4,1,3,5,20,30
18.2,5,6,1,2,3,42,17
13.1,5,5,1,0,5,45,40
16.8,4,3,0,1,3,40,8
14.8,4,1,1,0,5,29,8
14.8,3,6,1,2,3,41,4
18.0,0,0,1,3,5,16,29
13.3,3,2,0,3,5,18,21
17.4,6,1,1,3,3,59,4
13.3,4,1,0,2,5,24,11
13.3,3,1,1,0,5,24,16
17.7,4,1,1,0,5,44,4
13.0,3,1,0,3,1,25,7
14.8,3,1,1,2,6,61,4
13.2,4,1,1,3,5,22,20
17.2,3,1,1,3,0,18,4
18.9,4,1,1,2,3,32,54
17.2,2,1,1,2,3,34,66
15.7,4,3,1,0,5,36,4
18.6,3,2,1,2,3,30,3
18.4,4,1,1,0,3,45,2
15.7,4,1,1,0,3,43,39
13.0,3,2,0,3,5,21,29
14.2,5,2,1,2,3,51,54
13.8,3,1,0,2,6,55,28
16.8,3,2,0,1,3,29,40
15.8,4,2,1,2,5,23,93
13.7,4,1,1,0,5,24,35
13.7,4,4,1,2,5,43,4
13.7,6,1,1,3,3,49,30
16.2,4,1,0,3,3,25,11
13.8,3,1,0,3,5,22,4
17.6,7,1,1,0,3,45,45
15.1,4,6,0,3,5,37,50
18.5,1,1,1,3,5,16,40
18.8,1,3,1,0,5,15,45
14.6,4,1,1,3,5,22,55
15.4,1,0,0,3,5,17,45
18.8,4,2,1,1,5,37,3
19.0,3,1,1,0,3,40,23
17.8,2,1,1,3,5,25,99
16.9,4,1,0,3,3,45,5
18.9,5,3,1,2,5,27,48
18.7,3,3,0,0,4,38,12
17.1,7,5,1,0,5,24,43
17.5,3,1,1,2,3,38,29
14.5,6,2,1,3,1,53,7
17.6,7,1,1,2,3,42,7
16.4,1,1,1,3,5,14,50
17.2,5,1,0,1,3,42,50
14.8,4,4,1,0,5,25,75
14.9,5,2,1,2,5,35,6
18.0,4,1,1,2,1,51,2
14.3,3,1,1,2,1,69,2
15.2,0,6,0,3,5,17,50
13.9,4,1,1,3,5,24,64
13.1,3,2,1,0,3,49,89
13.7,3,1,0,3,5,20,39
15.3,4,1,0,3,3,42,4
13.8,3,1,1,0,3,45,4
14.0,3,1,0,3,5,19,40
16.1,1,1,0,3,5,25,54
16.8,7,1,0,0,5,37,8
16.0,4,3,0,0,4,38,18
16.5,5,1,1,3,5,27,100
14.7,3,1,1,2,5,38,8
14.7,4,1,1,2,5,27,11
14.3,5,2,1,1,3,42,19
17.6,4,3,1,0,3,37,4
16.5,1,3,1,3,5,21,48
16.0,5,2,1,2,3,35,7
13.6,7,1,1,0,5,19,61
14.7,4,1,0,2,3,27,35
17.9,5,1,1,0,3,36,43
15.5,3,2,1,1,3,51,4
13.6,5,1,0,1,5,28,55
15.6,4,2,1,0,5,32,28
16.6,5,6,1,2,3,61,18
17.0,0,2,0,3,5,14,103
16.5,2,1,0,3,3,28,21
13.3,4,2,1,0,5,28,20
13.9,3,6,0,2,1,54,7
15.8,4,3,0,2,5,24,34
17.5,5,1,1,2,3,51,19
13.8,3,1,1,3,5,23,38
14.9,0,1,1,3,5,18,55
17.5,3,1,0,0,3,35,45
13.1,1,1,0,3,5,19,8
16.2,1,1,1,3,5,17,45
15.6,4,1,0,0,3,32,8
14.8,2,1,1,1,3,57,40
14.1,5,1,0,1,5,28,8
18.3,5,1,0,3,6,44,12
14.1,3,0,1,3,5,23,9
15.5,4,5,0,0,5,23,4
13.9,3,1,0,0,5,25,43
15.2,4,2,1,2,5,29,4
18.3,1,1,1,0,3,37,54
16.4,3,6,0,1,3,41,40
18.3,6,1,0,3,3,44,44
13.9,5,2,1,3,3,25,54
14.5,5,2,1,0,3,34,4
17.0,6,1,1,3,3,47,100
13.5,4,2,0,2,0,38,7
13.7,0,1,0,3,5,16,68
17.3,4,1,1,2,5,27,4
17.1,4,2,1,0,5,24,21
13.2,0,1,1,0,1,38,55
16.6,4,5,1,2,3,29,4
13.7,5,3,1,0,5,29,55
13.4,1,3,1,1,3,32,4
16.8,5,1,1,2,1,31,8
13.7,4,6,1,3,5,23,50
16.5,2,6,1,2,5,42,29
14.0,5,1,1,0,0,47,72
17.3,5,1,0,3,3,61,7
16.3,5,1,0,0,5,56,5
18.3,3,2,1,0,3,23,7
18.9,3,1,1,2,1,48,4
16.4,4,1,0,3,3,45,4
14.4,4,1,1,1,3,49,43
13.1,4,1,0,2,3,41,95
14.5,3,0,1,0,5,23,66
17.6,3,1,0,0,1,23,4
16.2,4,1,1,0,3,37,35
15.9,3,1,0,2,5,37,32
18.3,3,1,1,3,5,20,11
13.9,1,1,1,3,5,17,28
14.8,1,1,1,3,5,20,35
15.3,3,4,0,2,5,26,47
15.1,3,4,1,3,5,22,5
14.3,1,6,1,0,0,39,29
15.0,3,3,1,0,3,27,41
15.4,1,1,0,3,5,18,51
18.1,5,1,1,2,3,33,8
13.5,7,1,1,2,3,52,28
15.8,4,1,0,0,3,35,7
13.5,5,2,1,0,5,25,43
18.2,3,1,0,1,3,41,43
14.8,5,2,1,3,5,27,12
13.2,2,1,0,1,1,36,29
16.5,4,1,1,3,5,21,61
16.6,3,1,1,2,3,35,36
13.4,6,1,0,3,3,54,17
17.6,3,6,0,3,5,18,43
17.5,3,1,0,2,3,40,8
16.1,3,2,0,3,5,21,29
18.4,6,1,1,2,3,38,18
18.8,7,3,1,3,5,22,4
18.5,1,2,1,3,5,14,2
15.9,4,1,0,3,3,28,18
13.9,3,1,1,2,3,43,54
16.2,4,3,1,0,3,35,55
15.0,4,2,1,2,5,27,102
14.5,1,1,0,3,5,18,19
17.9,3,2,1,3,5,20,4
16.6,5,1,0,2,5,27,60
18.7,3,1,1,2,5,29,103
15.9,5,1,1,2,3,41,40
15.7,3,2,0,0,5,33,29
14.4,2,1,1,0,3,34,98
18.5,3,2,1,3,5,41,2
16.7,1,3,1,3,5,17,11
15.1,5,2,1,1,0,28,32
18.0,6,1,1,3,1,41,4
13.4,4,5,1,0,5,21,27
18.1,1,2,1,1,3,33,12
18.8,4,1,1,3,5,34,8
14.5,1,1,1,3,5,19,45
14.7,0,3,1,3,5,13,4
18.1,3,2,1,3,5,20,32
17.1,5,1,0,3,5,26,29
17.7,4,1,0,2,5,26,29
14.6,4,1,1,2,0,48,43
14.2,3,6,1,3,5,18,55
14.6,3,1,1,2,3,27,48
14.2,4,3,1,0,3,39,75
16.7,5,1,1,3,3,60,4
13.2,7,1,1,0,3,57,2
16.1,3,5,1,1,3,30,40
16.5,1,6,1,3,5,15,21
16.9,3,5,1,3,5,23,50
13.7,4,5,1,0,5,30,23
17.4,5,1,1,1,3,44,7
18.6,4,1,0,2,1,39,29
14.8,2,1,1,2,5,46,29
16.1,5,1,0,3,3,36,16
13.3,4,1,1,2,5,53,0
15.0,4,3,1,1,3,53,48
17.3,3,2,1,0,5,19,55
13.5,3,2,1,3,5,21,45
13.2,1,1,0,1,6,40,4
15.2,3,1,1,1,1,67,8
16.6,4,2,1,1,3,42,16
15.0,3,0,1,0,5,52,2
18.9,3,1,0,3,3,40,43
14.1,4,1,1,0,5,24,5
14.5,3,2,0,3,5,22,22
14.0,4,2,1,2,3,29,28
17.0,5,2,1,0,3,31,29
14.2,1,1,1,2,3,43,25
14.1,4,3,1,1,5,23,40
14.1,6,2,0,3,3,50,40
16.8,5,2,0,2,5,36,7
18.0,2,2,1,0,5,37,48
16.9,2,1,1,2,3,44,16
16.3,4,1,0,3,3,50,17
18.3,3,1,0,3,3,26,4
15.5,4,4,0,0,1,47,43
14.5,3,1,0,3,5,29,18
15.5,3,1,0,0,3,40,29
13.9,2,6,1,2,3,37,45
15.6,3,1,1,3,5,40,19
18.4,3,2,1,1,3,37,11
13.2,3,1,0,3,5,21,5
14.4,1,2,1,1,3,46,54
18.3,5,1,1,0,3,27,29
18.8,4,6,1,0,1,46,8
14.6,0,1,1,3,0,16,27
13.2,3,3,1,3,5,23,40
13.5,3,6,1,1,3,34,29
16.2,3,1,1,2,3,45,7
17.1,4,4,0,0,5,26,4
17.8,4,1,1,0,3,60,55
16.2,7,1,0,0,3,47,42
17.0,3,1,1,2,3,35,43
18.1,5,1,1,0,3,32,11
17.7,4,2,1,0,5,28,21
18.1,5,2,0,3,5,30,47
14.0,1,1,1,3,5,18,12
17.8,7,1,1,2,1,37,20
17.8,4,6,0,0,0,30,5
16.0,4,3,0,2,6,51,14
14.1,4,0,1,1,3,56,40
14.2,3,1,1,1,3,57,99
14.2,4,1,0,3,3,25,32
17.3,3,3,1,3,5,22,18
16.8,3,4,0,0,3,34,20
16.4,3,2,1,1,3,42,48
13.6,5,1,1,3,3,58,7
17.2,3,1,1,0,3,38,8
16.0,1,1,1,1,3,40,54
13.2,5,1,1,3,3,54,15
17.1,0,1,1,3,5,15,47
15.8,3,6,1,0,5,33,11
16.7,2,1,1,2,5,64,4
14.3,1,1,1,3,5,21,30
16.9,5,2,1,2,3,54,8
14.1,5,1,1,1,3,33,56
18.5,1,2,0,3,5,18,28
15.8,1,1,1,1,5,32,20
18.8,6,2,0,3,5,32,29
14.7,0,5,1,2,4,33,15
13.6,4,2,1,3,3,23,40
13.3,4,1,1,2,3,38,56
17.6,3,2,1,3,5,25,65
15.6,3,1,1,0,3,33,24
18.4,1,2,1,0,5,18,34
14.8,1,5,1,0,3,29,78
14.6,4,1,1,0,3,31,30
18.6,2,1,1,0,3,43,8
16.0,5,2,1,1,3,29,32
18.4,4,1,1,2,3,40,2
14.8,3,1,0,1,3,56,40
18.5,4,1,1,0,3,38,40
16.0,1,1,0,3,5,18,63
18.6,1,6,1,3,5,18,41
16.2,1,2,1,3,5,19,59
16.9,3,2,1,3,5,19,20
13.3,1,0,1,3,5,18,37
18.8,4,1,0,2,5,49,29
17.3,4,1,1,3,5,23,64
18.4,5,2,1,1,3,42,64
15.8,4,2,0,2,5,33,4
17.6,5,2,1,0,3,45,68
15.1,5,2,0,3,5,27,50
16.9,5,5,1,2,3,39,20
17.3,4,1,0,0,5,25,37
14.3,5,2,1,1,3,37,55
17.7,1,2,1,3,5,16,35
16.6,1,0,1,3,5,15,92
16.9,1,2,1,1,3,47,63
14.7,1,1,1,3,5,18,55
14.0,3,1,1,3,5,21,66
13.1,4,1,1,2,3,43,8
13.1,3,1,1,1,3,27,4
15.8,5,1,1,2,5,27,72
17.4,3,5,1,3,5,26,35
18.1,4,3,1,2,3,63,28
13.8,4,1,0,2,3,39,0
17.3,3,1,0,2,3,39,11
13.0,4,1,1,3,5,28,98
17.8,5,1,1,3,5,26,7
15.3,4,4,1,1,5,55,40
17.9,5,1,1,2,5,50,7
15.6,4,1,1,0,5,24,23
13.7,4,1,1,1,3,69,48
16.3,5,4,1,2,3,41,66
14.8,5,1,1,2,3,49,41
18.8,3,1,0,3,3,49,33
13.9,7,1,1,2,1,42,23
18.7,4,6,1,2,6,69,1
16.6,3,2,0,0,5,21,4
17.2,1,1,1,2,3,34,18
14.4,4,0,1,0,3,35,54
16.1,5,1,0,0,5,40,36
14.8,3,6,0,2,3,49,7
18.1,5,6,1,1,1,49,53
14.7,5,1,1,0,5,26,35
18.0,5,1,1,2,3,31,64
17.0,2,1,1,2,1,64,34
15.1,5,1,1,2,5,42,7
17.6,4,1,0,3,5,21,88
17.9,4,1,1,1,3,54,7
14.0,3,1,1,1,3,44,29
18.7,4,1,1,0,3,45,48
17.8,4,3,1,3,5,23,54
14.6,3,0,0,3,5,21,0
13.4,1,1,1,0,3,24,29
16.0,4,1,1,1,3,51,35
16.4,3,1,1,1,5,24,54
18.4,4,4,1,2,5,23,11
16.0,4,1,0,2,5,27,55
14.7,3,1,0,0,3,30,2
14.7,3,2,1,3,5,20,34
18.6,3,1,1,3,5,19,11
18.8,1,1,0,3,5,17,37
15.5,4,2,0,1,5,23,98
18.4,7,1,0,2,3,33,11
16.2,1,1,1,1,3,48,33
17.6,3,1,1,0,3,50,7
13.6,1,6,0,3,5,19,55
15.1,5,5,1,1,3,35,65
13.5,4,6,1,1,3,41,21
14.0,5,1,0,1,3,38,43
18.8,4,2,1,0,5,25,18
17.6,5,1,1,2,1,50,11
13.4,5,2,0,3,1,60,20
15.5,4,1,1,3,5,23,15
16.4,7,1,0,0,3,28,14
18.3,0,6,1,3,5,17,12
18.3,1,2,1,0,3,30,20
18.4,5,2,1,2,3,40,43
13.8,3,2,1,0,5,33,4
18.6,1,2,1,2,3,34,29
16.2,2,1,0,2,5,32,48
17.8,1,0,0,1,3,33,18
15.9,2,0,1,2,3,44,51
17.5,5,1,1,1,3,50,15
14.0,1,2,1,2,5,31,28
18.6,3,3,1,2,5,29,15
13.8,4,5,1,1,3,57,30
18.8,4,3,1,0,5,28,54
18.6,4,1,0,1,3,30,41
18.5,3,1,0,3,3,31,43
16.3,5,2,1,1,5,46,50
17.3,4,1,1,1,3,54,54
15.8,3,3,1,1,4,23,40
15.3,4,1,1,3,5,23,15
14.9,5,1,0,0,3,43,35
13.1,5,3,1,2,3,27,40
18.2,5,2,1,3,3,28,11
18.5,5,1,1,0,3,47,4
15.7,4,1,1,0,3,46,11
14.1,3,1,1,3,3,37,7
15.7,3,2,1,0,5,19,96
16.8,3,1,1,0,3,39,50
16.8,1,1,0,3,5,18,29
18.2,5,2,0,3,0,31,48
13.2,3,1,1,2,1,54,8
14.2,3,6,0,3,5,18,40
18.6,5,6,1,2,5,37,20
16.6,3,3,0,0,3,30,48
14.9,5,2,0,3,3,43,7
17.4,4,1,1,2,5,30,5
18.9,7,2,1,0,3,29,20
16.4,7,1,1,0,5,26,119
17.2,5,5,1,1,5,34,28
13.8,3,1,1,2,5,44,14
15.1,4,5,1,0,1,29,19
17.4,3,1,1,0,5,20,27
15.0,3,1,0,3,5,18,19
15.1,4,1,1,3,3,36,75
14.5,1,1,1,0,1,51,30
13.1,5,1,0,0,3,49,18
16.0,3,2,0,0,3,31,10
17.6,3,2,0,0,3,36,2
15.0,2,1,0,2,1,41,8
17.2,4,2,1,1,3,48,54
15.1,3,1,1,0,3,53,5
14.0,3,1,1,3,5,18,32
18.0,4,1,1,0,3,33,4
18.2,0,2,1,3,5,16,50
16.1,3,3,1,3,0,22,41
18.5,3,1,1,1,5,33,40
14.9,6,1,1,3,3,41,54
17.7,5,1,1,1,3,48,40
14.7,3,2,1,0,3,45,40
17.8,4,1,1,2,5,27,0
13.4,3,2,0,0,1,49,4
18.5,4,1,0,0,3,23,12
18.8,2,1,1,3,5,28,87
14.2,4,1,1,2,3,30,28
15.9,4,1,1,3,3,43,20
17.2,4,1,1,1,5,31,29
18.9,4,6,0,0,3,28,18
15.5,3,4,0,1,5,32,5
18.9,3,1,1,2,3,54,4
13.4,3,6,1,1,3,44,30
15.5,1,1,1,0,5,27,54
13.7,5,1,1,0,3,42,54
14.5,3,3,1,2,3,33,4
17.9,6,1,1,0,3,50,48
16.9,6,3,1,0,3,42,30
16.9,5,2,1,2,3,29,22
16.4,4,2,1,0,3,29,21
16.7,4,1,1,0,5,42,19
18.3,4,1,0,1,5,26,29
15.9,3,2,1,3,5,20,34
15.4,4,0,1,2,5,27,95
15.2,6,0,0,3,5,20,55
18.1,4,1,1,1,1,34,4
13.3,4,2,1,3,5,22,4
15.8,4,1,0,2,5,23,23
17.0,3,1,1,2,1,32,2
13.5,1,1,1,3,5,16,48
18.2,1,1,0,1,5,18,40
16.8,3,2,1,2,3,27,31
14.9,3,1,0,3,5,19,20
18.1,4,1,1,2,3,41,19
18.9,3,1,1,3,5,21,11
13.1,5,1,1,2,0,43,63
15.3,4,2,1,0,3,28,0
14.1,3,1,0,2,5,24,4
16.3,3,1,0,0,5,33,8
14.9,4,1,1,0,5,23,2
14.9,2,1,1,2,4,45,29
14.1,5,2,1,3,3,32,40
17.5,5,1,1,2,1,46,40
17.6,4,1,1,2,5,22,29
16.2,3,1,1,0,5,26,20
14.5,3,1,1,0,3,46,4
13.6,4,1,1,0,3,23,20
14.9,4,2,0,1,5,26,5
15.5,3,2,1,0,5,21,8
13.0,6,1,1,3,3,61,5
17.0,3,1,1,0,5,23,20
17.0,4,2,0,0,3,36,40
14.8,4,2,1,0,3,32,18
17.3,7,6,1,0,5,24,30
17.8,4,2,1,3,5,22,56
16.3,5,1,1,1,3,51,52
16.5,4,1,1,2,5,45,8
14.1,2,5,1,2,3,32,55
13.5,4,2,1,3,5,26,29
15.1,4,2,0,0,5,43,43
15.6,6,1,1,3,3,56,6
16.8,1,6,0,3,5,22,89
17.8,4,4,1,1,3,36,0
15.2,4,3,0,0,5,27,25
16.6,3,2,1,3,5,20,51
14.6,3,1,0,0,3,35,48
13.8,3,1,1,0,1,66,91
16.3,1,1,0,1,3,42,35
14.9,7,1,0,2,1,50,45
17.3,4,1,1,0,5,30,19
15.6,5,3,1,1,3,35,29
18.6,5,6,1,2,3,46,35
13.6,4,6,1,0,3,30,7
16.0,3,1,0,1,3,39,10
13.7,5,1,1,0,3,29,4
16.2,2,1,1,2,3,55,48
17.6,3,1,1,1,1,42,8
18.4,3,1,1,3,3,26,48
17.5,5,1,0,2,5,27,4
18.1,1,1,0,2,3,35,30
17.1,4,6,0,3,5,20,23
17.1,4,5,1,0,3,33,7
17.3,3,1,0,1,3,51,51
13.8,3,1,0,1,3,39,5
19.0,3,1,0,3,5,18,28
13.7,3,2,1,3,5,20,36
18.3,5,1,1,3,5,28,97
17.2,3,5,1,3,5,25,48
18.2,1,1,1,1,3,62,4
13.7,3,2,0,3,5,19,29
13.6,4,2,1,2,3,32,29
14.3,3,1,1,0,5,52,43
15.9,7,6,0,2,0,56,4
17.6,5,1,1,2,3,41,59
18.6,3,1,1,0,4,47,23
17.9,4,2,0,2,3,24,11
14.7,1,0,1,3,5,20,29
16.5,4,1,1,2,3,42,4
13.0,5,1,1,1,3,50,37
14.2,3,2,0,3,5,28,40
16.5,4,2,1,0,5,28,55
16.4,7,5,0,2,1,26,6
13.6,4,1,0,3,3,52,7
16.7,3,1,0,1,3,52,7
18.8,4,1,0,0,1,50,4
14.3,5,1,1,1,3,65,7
16.0,3,2,1,3,5,26,55
17.7,4,2,0,0,3,38,43
13.6,4,2,1,0,3,43,35
13.5,3,5,1,3,5,22,72
14.8,3,2,0,0,3,36,4
18.6,3,2,1,1,5,23,39
14.0,2,1,1,2,3,72,103
14.1,3,3,1,2,5,24,13
18.0,2,2,1,3,3,50,30
18.9,5,1,0,1,6,59,11
16.4,3,1,1,3,5,23,40
14.8,4,1,1,0,4,39,40
17.4,3,1,1,2,1,59,5
15.4,3,6,1,1,3,78,4
17.6,3,1,1,0,3,55,11
15.6,1,5,1,3,5,19,29
17.5,3,6,0,3,5,18,29
15.4,3,2,1,3,5,18,8
17.0,3,1,0,0,3,31,44
17.2,3,1,1,1,5,41,20
19.0,4,1,1,0,3,28,4
16.9,3,2,1,1,5,20,23
15.1,7,2,1,1,1,36,32
13.5,0,1,1,3,5,14,29
14.2,4,1,1,2,5,23,55
14.1,7,1,0,2,5,40,16
14.6,4,0,1,0,3,33,50
18.7,7,1,1,2,3,52,45
18.5,3,1,1,3,5,20,55
16.9,4,1,0,0,3,25,50
17.6,1,1,1,2,1,60,4
15.9,3,1,1,1,1,41,19
18.8,1,3,1,0,3,31,54
16.6,3,3,1,0,5,23,28
13.2,3,1,1,1,5,19,10
16.0,3,2,1,0,5,28,4
14.5,6,1,1,3,5,35,7
14.8,3,1,0,1,5,47,30
14.8,3,1,0,3,5,20,66
15.0,2,1,1,2,3,54,50
14.4,5,1,0,0,3,24,48
17.2,7,6,1,2,3,40,48
13.1,3,1,1,3,1,55,50
14.7,3,6,1,2,3,50,50
16.5,5,2,1,0,3,30,19
13.8,4,2,0,2,5,23,29
14.7,4,6,1,2,3,46,32
13.8,5,1,1,2,3,50,56
18.0,4,2,1,0,3,38,6
15.6,1,6,0,3,5,18,54
14.4,4,1,0,1,3,32,29
18.4,1,1,1,3,5,24,72
18.3,3,6,1,3,0,21,32
17.6,3,5,1,0,3,35,37
18.8,3,2,0,3,5,21,35
13.3,0,1,1,3,5,19,55
18.6,6,2,1,0,3,47,32
15.6,1,0,1,0,5,45,4
18.7,3,4,0,3,5,20,8
16.3,5,1,1,3,1,48,28
17.7,4,1,1,0,5,22,55
14.6,4,4,0,2,5,44,11
17.8,3,1,1,2,5,29,29
13.9,4,4,1,0,5,21,29
16.7,3,1,1,0,5,28,59
18.0,3,1,0,3,1,35,45
14.6,3,1,0,3,5,19,12
15.8,4,2,1,2,5,65,40
14.9,5,2,0,3,3,56,8
13.7,5,1,0,1,3,42,50
19.0,3,2,1,3,5,19,4
14.7,1,2,1,3,5,17,29
16.9,1,1,0,2,3,38,54
15.7,3,1,1,2,3,56,4
18.2,4,1,0,2,3,27,48
16.6,5,2,1,2,3,51,0
13.3,4,1,0,0,5,24,29
15.8,3,1,1,1,3,44,45
16.6,5,1,0,3,1,43,28
17.2,3,1,1,1,3,72,4
18.8,3,2,0,3,5,30,4
13.7,4,2,0,0,5,33,30
17.2,4,1,1,2,5,51,7
14.3,4,1,0,2,3,42,103
17.6,3,1,1,0,3,47,32
13.3,3,1,1,3,5,19,43
14.0,4,6,0,2,6,47,14
15.7,3,1,0,3,5,21,30
16.0,4,1,0,2,5,50,50
18.4,4,1,0,2,5,24,20
17.8,4,1,0,2,5,22,19
15.6,4,1,1,2,3,49,54
17.7,4,1,1,0,3,42,43
18.2,4,1,1,2,4,35,45
15.7,3,5,1,0,1,39,7
18.1,3,1,0,2,3,55,7
18.2,7,2,0,0,5,21,45
14.4,4,1,1,0,4,35,37
18.0,4,2,1,3,3,35,54
17.2,2,3,1,2,3,40,19
16.2,3,2,1,0,3,36,43
13.2,3,1,1,1,5,41,16
14.1,3,2,1,1,3,28,29
17.2,5,5,1,1,5,41,90
18.0,4,1,1,2,3,45,63
17.4,3,5,1,0,5,27,4
17.8,3,4,1,0,5,37,28
15.6,4,1,1,0,3,23,2
17.1,4,1,1,3,3,51,40
16.4,3,5,1,0,5,20,63
17.7,1,2,1,1,3,44,4
17.9,4,1,0,0,3,31,30
16.5,2,1,1,2,3,80,45
15.2,3,2,0,2,3,35,54
16.4,4,2,1,1,3,39,5
15.1,3,1,0,0,3,54,32
15.0,5,5,1,2,5,25,29
18.1,5,1,1,0,5,24,50
16.3,4,1,1,0,5,27,21
13.8,4,1,0,3,3,40,55
13.4,1,0,1,1,3,39,40
15.9,4,1,1,2,5,21,29
16.4,3,1,1,0,3,55,6
16.2,5,5,0,2,5,27,55
15.6,1,2,1,1,1,37,75
18.7,1,1,0,3,5,18,13
16.3,4,1,1,0,3,36,30
15.4,7,1,0,2,1,39,12
14.9,5,2,1,3,3,25,20
14.2,5,1,1,1,3,30,102
14.9,4,1,0,2,5,24,4
17.1,4,1,0,2,3,69,3
16.5,4,1,0,1,1,63,7
15.7,4,1,0,2,5,38,55
17.1,3,2,1,3,5,19,18
18.5,4,1,1,1,5,49,4
13.5,3,0,1,3,5,19,72
16.0,3,2,1,2,5,46,7
15.1,3,1,1,0,5,27,4
15.6,3,1,0,3,5,20,50
15.7,5,2,1,1,3,46,11
14.0,3,1,1,2,3,37,2
17.0,4,3,1,0,5,26,48
16.7,3,6,0,1,3,47,9
18.7,4,2,1,0,5,33,48
18.6,4,2,1,2,5,25,30
17.7,5,2,1,2,3,33,14
16.7,6,3,1,3,3,30,20
14.6,4,1,0,2,5,32,43
15.8,4,1,0,2,5,39,29
15.4,4,2,0,2,5,26,32
16.5,3,2,0,1,4,30,54
13.7,3,1,0,3,5,18,12
13.1,4,2,1,2,3,27,48
17.7,2,3,1,2,3,35,6
16.1,3,1,1,2,5,28,25
16.6,5,0,1,2,5,26,21
18.1,5,1,1,3,5,26,8
16.6,1,4,1,3,5,18,11
17.7,4,1,0,2,5,41,2
13.7,5,5,1,2,3,44,101
13.5,4,1,0,0,5,34,40
16.4,4,1,1,0,5,32,54
14.0,3,1,0,2,3,53,7
15.3,3,1,1,2,3,47,59
17.1,1,6,1,2,5,20,1
14.5,3,1,0,0,3,38,21
17.5,5,2,1,0,3,31,55
17.3,3,1,1,0,3,39,4
14.9,3,2,1,3,5,18,21
15.5,3,2,0,3,5,21,45
14.3,4,4,1,1,5,46,40
18.1,4,1,0,0,5,21,19
15.0,4,6,0,2,5,25,48
15.9,3,1,0,3,3,22,30
14.4,3,2,0,3,5,21,35
16.0,4,4,1,2,0,25,28
17.6,5,1,1,1,3,43,28
17.1,5,1,0,3,3,39,0
16.9,3,6,1,0,3,48,50
18.2,3,3,0,3,5,19,24
16.5,4,2,1,0,5,24,4
16.0,3,1,1,0,5,20,8
15.1,4,5,1,0,3,27,48
15.7,1,1,1,2,1,38,40
14.2,4,1,1,2,5,22,29
13.7,1,2,0,3,5,17,23
17.4,4,4,0,2,3,23,11
16.6,4,1,0,3,3,24,7
17.5,5,3,0,3,3,43,21
17.4,4,1,0,0,3,55,21
13.2,3,2,0,3,5,21,11
13.5,3,1,0,2,3,49,4
13.7,0,1,1,3,5,16,37
18.9,4,6,1,3,5,58,39
16.4,3,2,0,2,5,23,4
18.2,4,1,1,2,5,33,35
13.3,5,2,1,2,3,46,18
14.6,5,1,0,0,3,45,35
17.4,3,1,0,0,3,38,40
17.0,3,2,1,0,3,32,19
13.5,7,1,0,2,4,45,7
16.9,3,5,0,3,5,20,21
17.4,6,2,1,3,5,33,55
18.7,3,1,1,1,3,47,7
15.8,2,1,0,2,5,35,19
17.0,5,2,0,2,5,26,29
15.9,5,2,1,0,3,31,8
13.2,4,2,1,0,3,38,4
13.5,3,2,1,3,5,21,35
14.6,4,1,0,2,3,28,37
14.1,4,4,0,1,3,32,4
14.4,3,2,1,2,3,45,29
14.4,3,1,0,1,3,30,5
13.5,4,1,0,2,5,41,48
14.1,4,1,1,1,3,50,29
13.7,3,2,1,0,5,25,77
13.7,3,2,1,1,1,47,4
15.5,7,1,0,0,1,31,4
14.6,5,1,1,0,3,31,59
16.8,1,1,1,2,1,57,35
18.9,5,1,1,0,3,32,12
16.6,3,1,1,1,3,47,10
16.6,4,6,1,1,3,57,0
15.2,4,6,0,2,4,50,40
14.6,4,1,1,1,3,54,44
14.0,4,2,1,0,5,25,4
16.2,7,2,0,2,3,49,21
17.1,5,2,0,2,1,55,39
15.7,4,2,1,0,3,29,8
13.2,4,1,1,0,4,46,7
14.6,4,2,0,0,1,39,11
15.5,6,2,1,0,3,49,53
14.1,3,1,1,1,3,32,30
13.1,3,1,1,3,3,36,8
13.1,4,2,1,3,5,23,7
18.5,1,2,1,3,5,15,29
14.0,5,1,1,1,1,35,29
17.6,4,1,0,3,5,23,0
16.1,4,3,1,0,5,24,70
15.7,4,2,0,3,5,26,34
13.3,3,1,0,2,1,50,7
13.7,4,1,1,0,3,56,25
14.1,1,6,1,3,5,19,50
18.1,2,1,1,2,3,36,21
15.9,5,1,1,1,3,51,7
17.1,5,2,0,3,3,27,29
17.2,3,1,1,3,5,29,10
17.7,4,1,0,3,5,23,29
13.3,5,3,1,2,5,29,29
16.1,4,4,1,2,3,35,40
16.8,4,2,0,0,3,33,29
13.5,3,1,1,1,3,48,40
13.1,5,1,0,2,3,50,4
13.6,4,1,0,3,3,56,7
13.2,4,2,1,1,5,37,20
15.4,6,1,1,3,3,53,20
18.4,5,2,1,2,3,41,8
14.4,4,1,0,0,3,27,21
15.9,3,2,0,3,5,22,0
13.8,2,0,1,2,3,30,56
18.2,7,1,1,2,3,43,73
13.5,4,2,1,2,5,51,4
13.2,1,1,1,1,3,33,45
13.3,1,1,1,0,5,28,4
17.3,5,5,0,2,5,30,55
15.3,6,1,0,3,3,55,35
17.3,6,0,1,1,3,41,43
16.6,2,1,0,3,3,45,50
14.8,4,1,1,2,3,45,50
17.7,4,1,1,3,5,22,29
18.3,3,5,0,0,6,56,32
15.5,1,1,1,0,5,20,56
15.5,4,3,1,3,5,23,23
18.9,3,2,0,1,3,61,8
13.1,6,3,1,1,3,39,55
16.4,1,1,0,2,3,49,7
16.4,4,1,1,3,5,24,39
14.2,4,1,1,2,5,38,23
14.1,3,6,1,0,5,31,55
13.8,5,1,1,1,3,27,40
18.3,4,1,1,0,3,32,30
17.6,3,1,0,1,6,50,29
18.4,5,1,1,3,5,51,44
13.7,3,1,1,3,5,21,35
15.8,3,6,1,3,5,24,72
16.8,5,6,0,3,3,51,32
14.4,5,2,1,2,1,32,40
13.2,2,2,1,2,1,56,2
15.8,4,4,0,2,5,23,18
16.6,3,1,1,2,3,56,4
14.6,3,2,1,3,5,18,20
17.1,4,1,1,2,1,56,8
15.0,7,4,0,2,4,38,28
13.4,3,2,0,3,5,19,21
16.8,4,1,1,0,3,62,29
16.2,4,1,0,0,3,40,43
13.8,4,1,0,1,5,41,39
18.3,4,2,1,0,5,24,12
17.6,1,2,1,3,5,21,54
15.9,3,6,1,2,5,35,35
18.4,5,1,1,0,3,42,18
13.5,5,5,0,0,0,38,7
13.3,2,1,0,2,0,50,14
13.2,3,2,1,3,5,19,39
13.3,3,1,1,0,5,21,4
17.4,4,1,0,3,6,42,32
14.9,4,1,1,0,5,24,4
14.1,3,1,1,3,1,46,40
17.6,3,0,0,2,3,34,17
17.9,3,4,1,0,5,21,4
17.4,5,1,1,1,3,35,4
15.6,5,1,1,0,3,28,72
15.0,4,1,1,3,5,24,59
18.3,7,1,1,2,5,23,29
17.6,7,2,1,2,3,30,16
14.7,4,1,1,3,5,39,13
13.7,4,3,1,3,1,25,8
14.1,5,5,0,0,5,34,48
17.8,4,1,1,2,1,62,28
16.2,4,2,1,1,5,26,4
17.4,3,6,1,3,5,18,55
17.7,4,1,1,0,1,32,35
15.2,5,3,0,3,5,23,12
13.0,5,2,1,0,3,49,80
16.6,4,2,0,2,5,39,8
16.5,1,1,1,2,5,24,5
15.4,1,3,1,3,5,21,89
18.8,2,1,1,0,5,24,29
18.3,3,1,1,1,3,53,40
15.8,3,6,0,3,1,35,17
14.1,3,4,0,0,5,30,4
17.1,3,2,1,0,5,38,4
14.7,4,2,1,2,5,22,11
17.2,4,2,1,0,5,25,6
18.0,1,1,1,1,5,28,37
15.4,1,4,1,2,5,21,61
14.1,4,2,1,2,5,29,4
14.0,3,1,0,2,5,32,18
14.8,7,0,1,2,3,44,0
15.5,4,1,1,2,3,26,50
17.9,7,2,0,1,1,27,7
16.6,1,1,0,3,5,18,54
14.4,5,2,1,3,3,28,29
13.8,3,1,1,2,3,48,29
15.8,5,1,1,2,3,33,4
14.7,7,6,1,2,3,28,48
16.5,4,1,1,1,3,44,8
15.5,2,1,1,2,3,47,38
14.1,7,5,0,1,1,38,25
14.4,4,1,0,2,5,24,45
17.0,7,2,1,1,5,27,11
18.9,3,1,0,0,4,46,28
14.3,3,1,1,1,3,50,2
14.9,3,2,0,1,5,23,55
15.1,4,4,1,2,3,36,8
17.9,3,2,1,3,3,24,12
13.9,3,6,1,2,3,35,40
14.2,2,1,1,1,3,37,18
13.3,6,2,1,2,3,34,39
17.3,4,1,1,2,1,48,4
13.4,4,2,1,0,3,31,20
18.3,5,1,1,0,3,50,43
17.3,3,1,1,2,3,54,40
18.3,4,1,0,0,3,40,0
18.8,6,3,1,0,5,50,44
15.4,4,2,1,2,5,24,29
15.3,5,1,1,3,0,26,35
14.0,4,1,1,2,3,33,23
15.2,4,2,1,0,3,31,40
18.5,3,3,1,0,5,27,48
13.9,3,1,1,2,3,33,16
16.7,1,1,1,3,5,19,59
17.7,5,1,0,0,3,34,86
13.1,4,5,1,1,3,55,27
15.4,3,1,0,3,5,23,50
16.4,4,1,0,1,3,37,0
18.2,1,1,1,3,5,18,8
13.6,3,5,0,3,5,18,5
16.5,3,1,1,3,3,25,4
19.0,7,4,1,1,4,26,33
13.5,5,1,1,3,3,56,89
16.7,1,2,0,2,1,35,23
13.5,4,1,0,1,0,41,29
13.5,4,2,0,0,5,50,4
19.0,4,2,1,0,5,25,4
13.8,3,1,0,3,3,39,1
16.0,2,1,0,2,3,43,40
16.0,4,1,1,2,1,61,7
16.1,5,1,1,0,3,28,20
16.4,4,1,0,0,3,24,48
18.6,1,6,0,3,5,18,45
17.9,5,2,1,0,3,30,8
13.3,4,6,1,1,1,74,29
14.1,4,1,1,1,1,46,45
14.0,5,6,1,1,3,49,72
14.0,4,6,1,2,5,34,20
18.7,5,0,1,0,1,43,72
18.8,4,1,1,1,3,28,3
14.5,4,1,1,0,3,33,32
16.0,1,1,1,2,1,44,8
15.8,1,1,0,0,3,46,27
18.7,3,1,0,3,5,17,34
15.4,5,1,1,3,3,35,104
18.8,4,1,0,1,6,55,44
17.0,3,1,1,2,3,28,4
15.4,4,6,1,2,3,44,54
18.3,3,1,0,2,3,48,35
13.7,3,1,0,3,5,24,23
15.8,7,1,1,0,3,28,21
18.7,7,1,1,2,1,33,5
15.4,4,2,0,3,6,52,40
15.8,4,5,1,2,5,32,4
16.4,3,1,1,3,5,22,87
16.7,5,4,0,2,5,24,7
15.0,3,1,0,0,3,39,15
13.2,3,1,0,0,4,27,7
16.0,1,4,1,3,5,20,5
16.0,4,1,1,2,3,47,2
18.4,1,1,1,3,5,17,54
16.6,5,2,0,2,3,46,19
18.7,3,2,1,3,5,21,66
15.6,3,6,0,2,0,30,13
15.7,4,5,0,3,3,46,6
14.3,1,6,0,2,5,22,54
17.7,3,0,1,0,3,34,50
16.2,1,2,1,0,3,36,32
15.8,3,1,1,0,3,43,56
15.1,5,1,1,2,3,54,39
17.2,1,3,1,3,5,22,59
17.1,5,2,1,0,5,23,29
13.0,4,1,0,2,5,27,15
18.9,5,1,0,2,3,27,40
13.1,4,1,1,0,3,38,23
16.5,4,1,0,2,5,26,19
13.3,3,2,1,3,5,19,11
17.0,3,2,1,3,5,19,12
13.0,6,1,1,3,3,35,56
18.1,4,2,1,0,3,38,51
16.3,2,1,1,2,3,34,6
14.7,5,2,1,1,3,33,58
14.2,4,1,1,1,5,34,18
14.2,3,1,1,1,3,33,5
16.2,4,4,1,0,3,35,51
16.6,3,4,1,0,3,36,8
16.9,1,1,1,3,5,22,21
15.2,5,4,1,2,3,40,40
18.1,4,2,0,1,3,25,100
16.1,4,1,0,3,5,28,50
16.3,4,2,1,2,3,42,42
17.8,5,1,1,2,5,32,35
17.2,5,5,1,3,5,35,43
18.7,7,1,1,2,5,40,37
15.5,1,1,1,2,3,33,2
14.0,3,1,1,0,3,46,29
15.4,1,2,1,0,3,26,15
15.3,5,1,0,3,0,28,12
16.5,3,1,0,2,3,32,34
15.6,3,4,1,0,5,21,80
18.8,2,0,1,2,1,57,47
16.5,5,1,1,2,3,42,5
13.4,3,1,1,0,5,18,2
15.8,4,1,1,3,3,26,18
17.3,3,6,0,3,5,18,35
18.5,6,4,1,0,3,34,11
18.1,3,1,0,3,3,48,4
13.3,4,5,1,2,1,69,4
17.7,4,2,0,0,3,28,4
16.9,4,1,0,0,1,40,4
16.3,4,5,1,1,1,52,7
14.3,4,1,0,0,3,33,55
13.1,5,2,0,2,5,28,21
18.3,1,1,0,3,5,19,50
18.0,3,1,1,2,3,48,8
17.4,4,4,0,2,1,36,40
14.6,5,2,1,0,3,47,45
16.4,7,2,1,0,3,41,8
15.6,3,2,1,0,3,38,4
16.9,4,1,1,0,5,29,47
16.7,7,1,0,1,1,46,0
16.2,3,2,0,1,5,27,54
14.9,3,1,1,0,3,40,39
16.6,7,1,0,2,1,45,29
18.6,2,2,0,2,5,27,61
14.3,1,1,1,3,5,18,40
17.0,5,1,1,0,3,55,35
14.2,1,2,0,3,5,19,19
15.5,5,1,0,2,5,27,64
13.7,3,1,1,3,5,21,54
18.9,3,6,0,3,5,22,18
13.5,4,2,1,0,4,35,54
15.6,5,2,1,3,1,47,0
14.3,3,6,1,2,3,37,17
16.9,3,1,0,0,1,43,18
14.7,4,2,1,0,1,37,40
17.9,5,2,0,3,5,30,75
15.1,4,1,1,0,5,38,8
18.9,5,4,0,0,3,29,43
17.5,7,1,1,0,3,39,17
18.4,5,1,1,3,5,25,29
15.1,4,1,1,0,3,31,29
16.1,3,2,1,0,5,39,20
18.9,4,4,1,0,5,35,4
18.8,6,1,1,0,3,45,4
17.9,1,2,0,2,1,37,7
13.6,3,2,1,3,5,22,50
14.0,5,2,1,1,3,33,29
14.7,4,3,1,3,5,26,24
18.0,3,1,1,2,1,39,29
15.1,3,1,0,3,3,32,33
16.5,5,1,0,0,3,35,40
16.2,5,1,1,0,3,42,87
16.3,3,1,0,3,5,42,4
18.5,4,1,1,3,3,39,54
18.3,4,1,1,2,3,42,8
17.3,1,2,1,3,5,22,45
18.3,4,3,1,0,5,24,93
16.3,4,1,0,0,1,49,4
18.3,3,1,0,3,5,19,55
15.3,2,1,1,2,3,44,31
15.4,4,6,1,0,5,31,28
14.7,4,1,1,0,3,33,30
15.5,1,2,0,3,5,15,8
16.7,2,2,1,3,1,50,7
18.2,3,2,0,3,5,21,4
15.8,1,6,1,2,1,37,58
13.3,2,1,1,2,3,24,5
15.4,5,2,1,0,5,23,40
17.1,7,1,1,0,3,53,12
17.9,3,1,0,0,5,22,4
16.3,5,1,1,2,3,35,27
14.6,3,2,0,3,5,19,35
14.9,4,1,0,0,6,60,40
14.5,4,1,1,0,3,42,40
15.9,2,3,1,2,5,34,4
17.1,3,6,1,0,3,30,34
14.9,2,1,1,2,3,45,7
15.6,1,1,0,3,5,17,19
16.7,3,1,0,3,5,19,28
16.1,6,1,1,3,3,46,50
13.2,3,5,1,3,5,18,21
16.5,7,1,1,1,3,36,29
14.7,4,2,1,2,3,28,48
14.0,7,1,0,2,5,47,30
13.0,3,0,1,3,5,25,39
16.9,4,2,1,0,3,25,43
18.6,3,2,1,3,1,26,25
13.4,3,1,1,0,3,63,22
17.7,4,1,1,0,5,23,11
17.9,4,1,1,0,3,33,19
16.7,5,2,1,2,3,32,4
13.5,7,1,0,2,3,33,33
15.5,3,2,0,3,5,22,20
13.4,4,1,0,2,5,41,6
17.3,1,1,1,3,5,23,72
15.6,3,1,1,3,5,43,103
18.6,3,1,0,3,5,19,41
16.7,4,1,0,1,1,41,43
17.6,4,4,1,0,5,25,28
18.9,3,1,1,0,6,22,29
15.0,4,6,1,0,5,23,54
14.4,3,5,1,1,3,24,15
17.5,3,1,1,1,5,25,40
17.4,3,0,0,1,3,43,7
16.6,5,2,0,2,3,30,55
13.6,4,1,1,1,5,46,63
17.5,3,2,1,3,5,18,30
16.8,4,2,0,0,3,40,4
18.3,4,5,1,1,3,39,43
14.7,7,1,1,2,3,34,8
16.2,4,2,1,2,3,57,32
16.9,5,6,1,1,3,40,55
18.2,3,2,1,3,5,24,13
16.0,1,3,0,0,3,25,11
17.1,4,1,1,0,5,27,56
16.8,4,1,1,0,3,26,32
14.9,3,4,0,3,5,19,35
15.2,5,3,0,3,5,27,11
18.1,3,1,0,0,5,35,18
18.6,3,4,1,0,5,24,7
15.0,3,1,0,2,3,46,50
19.0,4,1,0,2,5,21,47
15.3,1,2,1,2,3,62,70
13.1,4,1,1,3,5,22,29
17.0,4,1,1,1,3,47,32
14.4,4,4,1,1,5,27,99
17.0,5,6,0,0,3,36,84
18.7,1,1,0,3,3,18,44
14.9,4,2,0,2,1,38,40
15.1,3,2,1,3,5,24,7
16.9,4,1,1,0,3,36,8
16.7,2,1,1,2,1,50,8
17.9,5,2,0,3,3,39,39
17.3,4,1,0,2,3,29,8
17.4,3,0,1,2,1,52,4
15.1,3,2,1,0,3,31,4
16.0,4,5,1,0,5,40,40
13.9,7,5,0,2,3,52,40
14.9,4,5,1,0,3,51,34
15.9,5,0,1,1,3,38,32
18.7,4,2,1,1,3,35,40
16.7,3,2,0,3,5,24,50
18.6,1,1,0,3,5,18,28
13.3,1,3,0,3,5,15,54
17.4,6,6,1,2,5,37,72
14.7,4,2,1,3,5,23,8
17.1,1,1,0,0,5,43,45
17.3,4,2,0,0,0,35,19
16.8,7,1,1,1,3,60,4
15.0,1,2,1,3,5,20,55
15.8,3,1,1,3,5,21,40
13.1,4,6,0,3,3,23,16
18.6,3,2,1,2,5,22,3
14.0,5,0,0,1,5,47,59
15.9,4,1,0,0,3,51,29
17.6,2,1,1,1,4,27,29
18.3,4,1,0,0,5,36,4
13.2,3,6,0,3,5,21,48
14.9,4,6,0,2,1,46,43
17.5,3,2,0,3,1,27,40
17.2,5,3,1,1,5,36,19
17.9,5,1,0,2,0,33,4
14.5,5,4,0,0,3,49,15
18.7,3,4,0,0,5,20,54
13.8,5,6,1,1,6,52,15
